id,price,timeoftrade,tokenname,tokentype
1,1.0,2022-11-04T10:14:03.045657921+08:00,TEST1,Stock
2,1.1,2022-11-04T10:14:03.045657921+08:00,TEST2,Bond
3,1.2,2022-11-04T10:14:03.045657921+08:00,TEST3,Stock
4,1.3,2022-11-04T10:14:03.045657921+08:00,TEST4,Bond
5,1.4,2022-11-04T10:14:03.045657921+08:00,TEST5,Stock
6,1.5,2022-11-04T10:14:03.045657921+08:00,TEST6,Bond
7,1.6,2022-11-04T10:14:03.045657921+08:00,TEST7,Stock
8,1.7,2022-11-04T10:14:03.045657921+08:00,TEST8,Bond
9,1.8,2022-11-04T10:14:03.045657921+08:00,TEST9,Stock
10,1.9,2022-11-04T10:14:03.045657921+08:00,TEST10,Bond
11,2,2022-11-04T10:14:03.045657921+08:00,TEST11,Stock
12,2.1,2022-11-04T10:14:03.045657921+08:00,TEST12,Bond
13,2.2,2022-11-04T10:14:03.045657921+08:00,TEST13,Stock
14,2.3,2022-11-04T10:14:03.045657921+08:00,TEST14,Bond
15,2.4,2022-11-04T10:14:03.045657921+08:00,TEST15,Stock
16,2.5,2022-11-04T10:14:03.045657921+08:00,TEST16,Bond
17,2.6,2022-11-04T10:14:03.045657921+08:00,TEST17,Stock
18,2.7,2022-11-04T10:14:03.045657921+08:00,TEST18,Bond
19,2.8,2022-11-04T10:14:03.045657921+08:00,TEST19,Stock
20,2.9,2022-11-04T10:14:03.045657921+08:00,TEST20,Bond
21,3,2022-11-04T10:14:03.045657921+08:00,TEST21,Stock
22,3.1,2022-11-04T10:14:03.045657921+08:00,TEST22,Bond
23,3.2,2022-11-04T10:14:03.045657921+08:00,TEST23,Stock
24,3.3,2022-11-04T10:14:03.045657921+08:00,TEST24,Bond
25,3.4,2022-11-04T10:14:03.045657921+08:00,TEST25,Stock
26,3.5,2022-11-04T10:14:03.045657921+08:00,TEST26,Bond
27,3.6,2022-11-04T10:14:03.045657921+08:00,TEST27,Stock
28,3.7,2022-11-04T10:14:03.045657921+08:00,TEST28,Bond
29,3.8,2022-11-04T10:14:03.045657921+08:00,TEST29,Stock
30,3.9,2022-11-04T10:14:03.045657921+08:00,TEST30,Bond
31,4,2022-11-04T10:14:03.045657921+08:00,TEST31,Stock
32,4.1,2022-11-04T10:14:03.045657921+08:00,TEST32,Bond
33,4.2,2022-11-04T10:14:03.045657921+08:00,TEST33,Stock
34,4.3,2022-11-04T10:14:03.045657921+08:00,TEST34,Bond
35,4.4,2022-11-04T10:14:03.045657921+08:00,TEST35,Stock
36,4.5,2022-11-04T10:14:03.045657921+08:00,TEST36,Bond
37,4.6,2022-11-04T10:14:03.045657921+08:00,TEST37,Stock
38,4.7,2022-11-04T10:14:03.045657921+08:00,TEST38,Bond
39,4.8,2022-11-04T10:14:03.045657921+08:00,TEST39,Stock
40,4.9,2022-11-04T10:14:03.045657921+08:00,TEST40,Bond
41,5,2022-11-04T10:14:03.045657921+08:00,TEST41,Stock
42,5.1,2022-11-04T10:14:03.045657921+08:00,TEST42,Bond
43,5.2,2022-11-04T10:14:03.045657921+08:00,TEST43,Stock
44,5.3,2022-11-04T10:14:03.045657921+08:00,TEST44,Bond
45,5.4,2022-11-04T10:14:03.045657921+08:00,TEST45,Stock
46,5.5,2022-11-04T10:14:03.045657921+08:00,TEST46,Bond
47,5.6,2022-11-04T10:14:03.045657921+08:00,TEST47,Stock
48,5.7,2022-11-04T10:14:03.045657921+08:00,TEST48,Bond
49,5.8,2022-11-04T10:14:03.045657921+08:00,TEST49,Stock
50,5.9,2022-11-04T10:14:03.045657921+08:00,TEST50,Bond
51,6,2022-11-04T10:14:03.045657921+08:00,TEST51,Stock
52,6.1,2022-11-04T10:14:03.045657921+08:00,TEST52,Bond
53,6.2,2022-11-04T10:14:03.045657921+08:00,TEST53,Stock
54,6.3,2022-11-04T10:14:03.045657921+08:00,TEST54,Bond
55,6.4,2022-11-04T10:14:03.045657921+08:00,TEST55,Stock
56,6.5,2022-11-04T10:14:03.045657921+08:00,TEST56,Bond
57,6.6,2022-11-04T10:14:03.045657921+08:00,TEST57,Stock
58,6.7,2022-11-04T10:14:03.045657921+08:00,TEST58,Bond
59,6.8,2022-11-04T10:14:03.045657921+08:00,TEST59,Stock
60,6.9,2022-11-04T10:14:03.045657921+08:00,TEST60,Bond
61,7,2022-11-04T10:14:03.045657921+08:00,TEST61,Stock
62,7.1,2022-11-04T10:14:03.045657921+08:00,TEST62,Bond
63,7.2,2022-11-04T10:14:03.045657921+08:00,TEST63,Stock
64,7.3,2022-11-04T10:14:03.045657921+08:00,TEST64,Bond
65,7.4,2022-11-04T10:14:03.045657921+08:00,TEST65,Stock
66,7.5,2022-11-04T10:14:03.045657921+08:00,TEST66,Bond
67,7.6,2022-11-04T10:14:03.045657921+08:00,TEST67,Stock
68,7.7,2022-11-04T10:14:03.045657921+08:00,TEST68,Bond
69,7.8,2022-11-04T10:14:03.045657921+08:00,TEST69,Stock
70,7.9,2022-11-04T10:14:03.045657921+08:00,TEST70,Bond
71,8,2022-11-04T10:14:03.045657921+08:00,TEST71,Stock
72,8.1,2022-11-04T10:14:03.045657921+08:00,TEST72,Bond
73,8.2,2022-11-04T10:14:03.045657921+08:00,TEST73,Stock
74,8.3,2022-11-04T10:14:03.045657921+08:00,TEST74,Bond
75,8.4,2022-11-04T10:14:03.045657921+08:00,TEST75,Stock
76,8.5,2022-11-04T10:14:03.045657921+08:00,TEST76,Bond
77,8.6,2022-11-04T10:14:03.045657921+08:00,TEST77,Stock
78,8.7,2022-11-04T10:14:03.045657921+08:00,TEST78,Bond
79,8.8,2022-11-04T10:14:03.045657921+08:00,TEST79,Stock
80,8.9,2022-11-04T10:14:03.045657921+08:00,TEST80,Bond
81,9,2022-11-04T10:14:03.045657921+08:00,TEST81,Stock
82,9.1,2022-11-04T10:14:03.045657921+08:00,TEST82,Bond
83,9.2,2022-11-04T10:14:03.045657921+08:00,TEST83,Stock
84,9.3,2022-11-04T10:14:03.045657921+08:00,TEST84,Bond
85,9.4,2022-11-04T10:14:03.045657921+08:00,TEST85,Stock
86,9.5,2022-11-04T10:14:03.045657921+08:00,TEST86,Bond
87,9.6,2022-11-04T10:14:03.045657921+08:00,TEST87,Stock
88,9.7,2022-11-04T10:14:03.045657921+08:00,TEST88,Bond
89,9.8,2022-11-04T10:14:03.045657921+08:00,TEST89,Stock
90,9.9,2022-11-04T10:14:03.045657921+08:00,TEST90,Bond
91,10,2022-11-04T10:14:03.045657921+08:00,TEST91,Stock
92,10.1,2022-11-04T10:14:03.045657921+08:00,TEST92,Bond
93,10.2,2022-11-04T10:14:03.045657921+08:00,TEST93,Stock
94,10.3,2022-11-04T10:14:03.045657921+08:00,TEST94,Bond
95,10.4,2022-11-04T10:14:03.045657921+08:00,TEST95,Stock
96,10.5,2022-11-04T10:14:03.045657921+08:00,TEST96,Bond
97,10.6,2022-11-04T10:14:03.045657921+08:00,TEST97,Stock
98,10.7,2022-11-04T10:14:03.045657921+08:00,TEST98,Bond
99,10.8,2022-11-04T10:14:03.045657921+08:00,TEST99,Stock
100,10.9,2022-11-04T10:14:03.045657921+08:00,TEST100,Bond
101,11,2022-11-04T10:14:03.045657921+08:00,TEST101,Stock
102,11.1,2022-11-04T10:14:03.045657921+08:00,TEST102,Bond
103,11.2,2022-11-04T10:14:03.045657921+08:00,TEST103,Stock
104,11.3,2022-11-04T10:14:03.045657921+08:00,TEST104,Bond
105,11.4,2022-11-04T10:14:03.045657921+08:00,TEST105,Stock
106,11.5,2022-11-04T10:14:03.045657921+08:00,TEST106,Bond
107,11.6,2022-11-04T10:14:03.045657921+08:00,TEST107,Stock
108,11.7,2022-11-04T10:14:03.045657921+08:00,TEST108,Bond
109,11.8,2022-11-04T10:14:03.045657921+08:00,TEST109,Stock
110,11.9,2022-11-04T10:14:03.045657921+08:00,TEST110,Bond
111,12,2022-11-04T10:14:03.045657921+08:00,TEST111,Stock
112,12.1,2022-11-04T10:14:03.045657921+08:00,TEST112,Bond
113,12.2,2022-11-04T10:14:03.045657921+08:00,TEST113,Stock
114,12.3,2022-11-04T10:14:03.045657921+08:00,TEST114,Bond
115,12.4,2022-11-04T10:14:03.045657921+08:00,TEST115,Stock
116,12.5,2022-11-04T10:14:03.045657921+08:00,TEST116,Bond
117,12.6,2022-11-04T10:14:03.045657921+08:00,TEST117,Stock
118,12.7,2022-11-04T10:14:03.045657921+08:00,TEST118,Bond
119,12.8,2022-11-04T10:14:03.045657921+08:00,TEST119,Stock
120,12.9,2022-11-04T10:14:03.045657921+08:00,TEST120,Bond
121,13,2022-11-04T10:14:03.045657921+08:00,TEST121,Stock
122,13.1,2022-11-04T10:14:03.045657921+08:00,TEST122,Bond
123,13.2,2022-11-04T10:14:03.045657921+08:00,TEST123,Stock
124,13.3,2022-11-04T10:14:03.045657921+08:00,TEST124,Bond
125,13.4,2022-11-04T10:14:03.045657921+08:00,TEST125,Stock
126,13.5,2022-11-04T10:14:03.045657921+08:00,TEST126,Bond
127,13.6,2022-11-04T10:14:03.045657921+08:00,TEST127,Stock
128,13.7,2022-11-04T10:14:03.045657921+08:00,TEST128,Bond
129,13.8,2022-11-04T10:14:03.045657921+08:00,TEST129,Stock
130,13.9,2022-11-04T10:14:03.045657921+08:00,TEST130,Bond
131,14,2022-11-04T10:14:03.045657921+08:00,TEST131,Stock
132,14.1,2022-11-04T10:14:03.045657921+08:00,TEST132,Bond
133,14.2,2022-11-04T10:14:03.045657921+08:00,TEST133,Stock
134,14.3,2022-11-04T10:14:03.045657921+08:00,TEST134,Bond
135,14.4,2022-11-04T10:14:03.045657921+08:00,TEST135,Stock
136,14.5,2022-11-04T10:14:03.045657921+08:00,TEST136,Bond
137,14.6,2022-11-04T10:14:03.045657921+08:00,TEST137,Stock
138,14.7,2022-11-04T10:14:03.045657921+08:00,TEST138,Bond
139,14.8,2022-11-04T10:14:03.045657921+08:00,TEST139,Stock
140,14.9,2022-11-04T10:14:03.045657921+08:00,TEST140,Bond
141,15,2022-11-04T10:14:03.045657921+08:00,TEST141,Stock
142,15.1,2022-11-04T10:14:03.045657921+08:00,TEST142,Bond
143,15.2,2022-11-04T10:14:03.045657921+08:00,TEST143,Stock
144,15.3,2022-11-04T10:14:03.045657921+08:00,TEST144,Bond
145,15.4,2022-11-04T10:14:03.045657921+08:00,TEST145,Stock
146,15.5,2022-11-04T10:14:03.045657921+08:00,TEST146,Bond
147,15.6,2022-11-04T10:14:03.045657921+08:00,TEST147,Stock
148,15.7,2022-11-04T10:14:03.045657921+08:00,TEST148,Bond
149,15.8,2022-11-04T10:14:03.045657921+08:00,TEST149,Stock
150,15.9,2022-11-04T10:14:03.045657921+08:00,TEST150,Bond
151,16,2022-11-04T10:14:03.045657921+08:00,TEST151,Stock
152,16.1,2022-11-04T10:14:03.045657921+08:00,TEST152,Bond
153,16.2,2022-11-04T10:14:03.045657921+08:00,TEST153,Stock
154,16.3,2022-11-04T10:14:03.045657921+08:00,TEST154,Bond
155,16.4,2022-11-04T10:14:03.045657921+08:00,TEST155,Stock
156,16.5,2022-11-04T10:14:03.045657921+08:00,TEST156,Bond
157,16.6,2022-11-04T10:14:03.045657921+08:00,TEST157,Stock
158,16.7,2022-11-04T10:14:03.045657921+08:00,TEST158,Bond
159,16.8,2022-11-04T10:14:03.045657921+08:00,TEST159,Stock
160,16.9,2022-11-04T10:14:03.045657921+08:00,TEST160,Bond
161,17,2022-11-04T10:14:03.045657921+08:00,TEST161,Stock
162,17.1,2022-11-04T10:14:03.045657921+08:00,TEST162,Bond
163,17.2,2022-11-04T10:14:03.045657921+08:00,TEST163,Stock
164,17.3,2022-11-04T10:14:03.045657921+08:00,TEST164,Bond
165,17.4,2022-11-04T10:14:03.045657921+08:00,TEST165,Stock
166,17.5,2022-11-04T10:14:03.045657921+08:00,TEST166,Bond
167,17.6,2022-11-04T10:14:03.045657921+08:00,TEST167,Stock
168,17.7,2022-11-04T10:14:03.045657921+08:00,TEST168,Bond
169,17.8,2022-11-04T10:14:03.045657921+08:00,TEST169,Stock
170,17.9,2022-11-04T10:14:03.045657921+08:00,TEST170,Bond
171,18,2022-11-04T10:14:03.045657921+08:00,TEST171,Stock
172,18.1,2022-11-04T10:14:03.045657921+08:00,TEST172,Bond
173,18.2,2022-11-04T10:14:03.045657921+08:00,TEST173,Stock
174,18.3,2022-11-04T10:14:03.045657921+08:00,TEST174,Bond
175,18.4,2022-11-04T10:14:03.045657921+08:00,TEST175,Stock
176,18.5,2022-11-04T10:14:03.045657921+08:00,TEST176,Bond
177,18.6,2022-11-04T10:14:03.045657921+08:00,TEST177,Stock
178,18.7,2022-11-04T10:14:03.045657921+08:00,TEST178,Bond
179,18.8,2022-11-04T10:14:03.045657921+08:00,TEST179,Stock
180,18.9,2022-11-04T10:14:03.045657921+08:00,TEST180,Bond
181,19,2022-11-04T10:14:03.045657921+08:00,TEST181,Stock
182,19.1,2022-11-04T10:14:03.045657921+08:00,TEST182,Bond
183,19.2,2022-11-04T10:14:03.045657921+08:00,TEST183,Stock
184,19.3,2022-11-04T10:14:03.045657921+08:00,TEST184,Bond
185,19.4,2022-11-04T10:14:03.045657921+08:00,TEST185,Stock
186,19.5,2022-11-04T10:14:03.045657921+08:00,TEST186,Bond
187,19.6,2022-11-04T10:14:03.045657921+08:00,TEST187,Stock
188,19.7,2022-11-04T10:14:03.045657921+08:00,TEST188,Bond
189,19.8,2022-11-04T10:14:03.045657921+08:00,TEST189,Stock
190,19.9,2022-11-04T10:14:03.045657921+08:00,TEST190,Bond
191,20,2022-11-04T10:14:03.045657921+08:00,TEST191,Stock
192,20.1,2022-11-04T10:14:03.045657921+08:00,TEST192,Bond
193,20.2,2022-11-04T10:14:03.045657921+08:00,TEST193,Stock
194,20.3,2022-11-04T10:14:03.045657921+08:00,TEST194,Bond
195,20.4,2022-11-04T10:14:03.045657921+08:00,TEST195,Stock
196,20.5,2022-11-04T10:14:03.045657921+08:00,TEST196,Bond
197,20.6,2022-11-04T10:14:03.045657921+08:00,TEST197,Stock
198,20.7,2022-11-04T10:14:03.045657921+08:00,TEST198,Bond
199,20.8,2022-11-04T10:14:03.045657921+08:00,TEST199,Stock
200,20.9,2022-11-04T10:14:03.045657921+08:00,TEST200,Bond
201,21,2022-11-04T10:14:03.045657921+08:00,TEST201,Stock
202,21.1,2022-11-04T10:14:03.045657921+08:00,TEST202,Bond
203,21.2,2022-11-04T10:14:03.045657921+08:00,TEST203,Stock
204,21.3,2022-11-04T10:14:03.045657921+08:00,TEST204,Bond
205,21.4,2022-11-04T10:14:03.045657921+08:00,TEST205,Stock
206,21.5,2022-11-04T10:14:03.045657921+08:00,TEST206,Bond
207,21.6,2022-11-04T10:14:03.045657921+08:00,TEST207,Stock
208,21.7,2022-11-04T10:14:03.045657921+08:00,TEST208,Bond
209,21.8,2022-11-04T10:14:03.045657921+08:00,TEST209,Stock
210,21.9,2022-11-04T10:14:03.045657921+08:00,TEST210,Bond
211,22,2022-11-04T10:14:03.045657921+08:00,TEST211,Stock
212,22.1,2022-11-04T10:14:03.045657921+08:00,TEST212,Bond
213,22.2,2022-11-04T10:14:03.045657921+08:00,TEST213,Stock
214,22.3,2022-11-04T10:14:03.045657921+08:00,TEST214,Bond
215,22.4,2022-11-04T10:14:03.045657921+08:00,TEST215,Stock
216,22.5,2022-11-04T10:14:03.045657921+08:00,TEST216,Bond
217,22.6,2022-11-04T10:14:03.045657921+08:00,TEST217,Stock
218,22.7,2022-11-04T10:14:03.045657921+08:00,TEST218,Bond
219,22.8,2022-11-04T10:14:03.045657921+08:00,TEST219,Stock
220,22.9,2022-11-04T10:14:03.045657921+08:00,TEST220,Bond
221,23,2022-11-04T10:14:03.045657921+08:00,TEST221,Stock
222,23.1,2022-11-04T10:14:03.045657921+08:00,TEST222,Bond
223,23.2,2022-11-04T10:14:03.045657921+08:00,TEST223,Stock
224,23.3,2022-11-04T10:14:03.045657921+08:00,TEST224,Bond
225,23.4,2022-11-04T10:14:03.045657921+08:00,TEST225,Stock
226,23.5,2022-11-04T10:14:03.045657921+08:00,TEST226,Bond
227,23.6,2022-11-04T10:14:03.045657921+08:00,TEST227,Stock
228,23.7,2022-11-04T10:14:03.045657921+08:00,TEST228,Bond
229,23.8,2022-11-04T10:14:03.045657921+08:00,TEST229,Stock
230,23.9,2022-11-04T10:14:03.045657921+08:00,TEST230,Bond
231,24,2022-11-04T10:14:03.045657921+08:00,TEST231,Stock
232,24.1,2022-11-04T10:14:03.045657921+08:00,TEST232,Bond
233,24.2,2022-11-04T10:14:03.045657921+08:00,TEST233,Stock
234,24.3,2022-11-04T10:14:03.045657921+08:00,TEST234,Bond
235,24.4,2022-11-04T10:14:03.045657921+08:00,TEST235,Stock
236,24.5,2022-11-04T10:14:03.045657921+08:00,TEST236,Bond
237,24.6,2022-11-04T10:14:03.045657921+08:00,TEST237,Stock
238,24.7,2022-11-04T10:14:03.045657921+08:00,TEST238,Bond
239,24.8,2022-11-04T10:14:03.045657921+08:00,TEST239,Stock
240,24.9,2022-11-04T10:14:03.045657921+08:00,TEST240,Bond
241,25,2022-11-04T10:14:03.045657921+08:00,TEST241,Stock
242,25.1,2022-11-04T10:14:03.045657921+08:00,TEST242,Bond
243,25.2,2022-11-04T10:14:03.045657921+08:00,TEST243,Stock
244,25.3,2022-11-04T10:14:03.045657921+08:00,TEST244,Bond
245,25.4,2022-11-04T10:14:03.045657921+08:00,TEST245,Stock
246,25.5,2022-11-04T10:14:03.045657921+08:00,TEST246,Bond
247,25.6,2022-11-04T10:14:03.045657921+08:00,TEST247,Stock
248,25.7,2022-11-04T10:14:03.045657921+08:00,TEST248,Bond
249,25.8,2022-11-04T10:14:03.045657921+08:00,TEST249,Stock
250,25.9,2022-11-04T10:14:03.045657921+08:00,TEST250,Bond
251,26,2022-11-04T10:14:03.045657921+08:00,TEST251,Stock
252,26.1,2022-11-04T10:14:03.045657921+08:00,TEST252,Bond
253,26.2,2022-11-04T10:14:03.045657921+08:00,TEST253,Stock
254,26.3,2022-11-04T10:14:03.045657921+08:00,TEST254,Bond
255,26.4,2022-11-04T10:14:03.045657921+08:00,TEST255,Stock
256,26.5,2022-11-04T10:14:03.045657921+08:00,TEST256,Bond
257,26.6,2022-11-04T10:14:03.045657921+08:00,TEST257,Stock
258,26.7,2022-11-04T10:14:03.045657921+08:00,TEST258,Bond
259,26.8,2022-11-04T10:14:03.045657921+08:00,TEST259,Stock
260,26.9,2022-11-04T10:14:03.045657921+08:00,TEST260,Bond
261,27,2022-11-04T10:14:03.045657921+08:00,TEST261,Stock
262,27.1,2022-11-04T10:14:03.045657921+08:00,TEST262,Bond
263,27.2,2022-11-04T10:14:03.045657921+08:00,TEST263,Stock
264,27.3,2022-11-04T10:14:03.045657921+08:00,TEST264,Bond
265,27.4,2022-11-04T10:14:03.045657921+08:00,TEST265,Stock
266,27.5,2022-11-04T10:14:03.045657921+08:00,TEST266,Bond
267,27.6,2022-11-04T10:14:03.045657921+08:00,TEST267,Stock
268,27.7,2022-11-04T10:14:03.045657921+08:00,TEST268,Bond
269,27.8,2022-11-04T10:14:03.045657921+08:00,TEST269,Stock
270,27.9,2022-11-04T10:14:03.045657921+08:00,TEST270,Bond
271,28,2022-11-04T10:14:03.045657921+08:00,TEST271,Stock
272,28.1,2022-11-04T10:14:03.045657921+08:00,TEST272,Bond
273,28.2,2022-11-04T10:14:03.045657921+08:00,TEST273,Stock
274,28.3,2022-11-04T10:14:03.045657921+08:00,TEST274,Bond
275,28.4,2022-11-04T10:14:03.045657921+08:00,TEST275,Stock
276,28.5,2022-11-04T10:14:03.045657921+08:00,TEST276,Bond
277,28.6,2022-11-04T10:14:03.045657921+08:00,TEST277,Stock
278,28.7,2022-11-04T10:14:03.045657921+08:00,TEST278,Bond
279,28.8,2022-11-04T10:14:03.045657921+08:00,TEST279,Stock
280,28.9,2022-11-04T10:14:03.045657921+08:00,TEST280,Bond
281,29,2022-11-04T10:14:03.045657921+08:00,TEST281,Stock
282,29.1,2022-11-04T10:14:03.045657921+08:00,TEST282,Bond
283,29.2,2022-11-04T10:14:03.045657921+08:00,TEST283,Stock
284,29.3,2022-11-04T10:14:03.045657921+08:00,TEST284,Bond
285,29.4,2022-11-04T10:14:03.045657921+08:00,TEST285,Stock
286,29.5,2022-11-04T10:14:03.045657921+08:00,TEST286,Bond
287,29.6,2022-11-04T10:14:03.045657921+08:00,TEST287,Stock
288,29.7,2022-11-04T10:14:03.045657921+08:00,TEST288,Bond
289,29.8,2022-11-04T10:14:03.045657921+08:00,TEST289,Stock
290,29.9,2022-11-04T10:14:03.045657921+08:00,TEST290,Bond
291,30,2022-11-04T10:14:03.045657921+08:00,TEST291,Stock
292,30.1,2022-11-04T10:14:03.045657921+08:00,TEST292,Bond
293,30.2,2022-11-04T10:14:03.045657921+08:00,TEST293,Stock
294,30.3,2022-11-04T10:14:03.045657921+08:00,TEST294,Bond
295,30.4,2022-11-04T10:14:03.045657921+08:00,TEST295,Stock
296,30.5,2022-11-04T10:14:03.045657921+08:00,TEST296,Bond
297,30.6,2022-11-04T10:14:03.045657921+08:00,TEST297,Stock
298,30.7,2022-11-04T10:14:03.045657921+08:00,TEST298,Bond
299,30.8,2022-11-04T10:14:03.045657921+08:00,TEST299,Stock
300,30.9,2022-11-04T10:14:03.045657921+08:00,TEST300,Bond
301,31,2022-11-04T10:14:03.045657921+08:00,TEST301,Stock
302,31.1,2022-11-04T10:14:03.045657921+08:00,TEST302,Bond
303,31.2,2022-11-04T10:14:03.045657921+08:00,TEST303,Stock
304,31.3,2022-11-04T10:14:03.045657921+08:00,TEST304,Bond
305,31.4,2022-11-04T10:14:03.045657921+08:00,TEST305,Stock
306,31.5,2022-11-04T10:14:03.045657921+08:00,TEST306,Bond
307,31.6,2022-11-04T10:14:03.045657921+08:00,TEST307,Stock
308,31.7,2022-11-04T10:14:03.045657921+08:00,TEST308,Bond
309,31.8,2022-11-04T10:14:03.045657921+08:00,TEST309,Stock
310,31.9,2022-11-04T10:14:03.045657921+08:00,TEST310,Bond
311,32,2022-11-04T10:14:03.045657921+08:00,TEST311,Stock
312,32.1,2022-11-04T10:14:03.045657921+08:00,TEST312,Bond
313,32.2,2022-11-04T10:14:03.045657921+08:00,TEST313,Stock
314,32.3,2022-11-04T10:14:03.045657921+08:00,TEST314,Bond
315,32.4,2022-11-04T10:14:03.045657921+08:00,TEST315,Stock
316,32.5,2022-11-04T10:14:03.045657921+08:00,TEST316,Bond
317,32.6,2022-11-04T10:14:03.045657921+08:00,TEST317,Stock
318,32.7,2022-11-04T10:14:03.045657921+08:00,TEST318,Bond
319,32.8,2022-11-04T10:14:03.045657921+08:00,TEST319,Stock
320,32.9,2022-11-04T10:14:03.045657921+08:00,TEST320,Bond
321,33,2022-11-04T10:14:03.045657921+08:00,TEST321,Stock
322,33.1,2022-11-04T10:14:03.045657921+08:00,TEST322,Bond
323,33.2,2022-11-04T10:14:03.045657921+08:00,TEST323,Stock
324,33.3,2022-11-04T10:14:03.045657921+08:00,TEST324,Bond
325,33.4,2022-11-04T10:14:03.045657921+08:00,TEST325,Stock
326,33.5,2022-11-04T10:14:03.045657921+08:00,TEST326,Bond
327,33.6,2022-11-04T10:14:03.045657921+08:00,TEST327,Stock
328,33.7,2022-11-04T10:14:03.045657921+08:00,TEST328,Bond
329,33.8,2022-11-04T10:14:03.045657921+08:00,TEST329,Stock
330,33.9,2022-11-04T10:14:03.045657921+08:00,TEST330,Bond
331,34,2022-11-04T10:14:03.045657921+08:00,TEST331,Stock
332,34.1,2022-11-04T10:14:03.045657921+08:00,TEST332,Bond
333,34.2,2022-11-04T10:14:03.045657921+08:00,TEST333,Stock
334,34.3,2022-11-04T10:14:03.045657921+08:00,TEST334,Bond
335,34.4,2022-11-04T10:14:03.045657921+08:00,TEST335,Stock
336,34.5,2022-11-04T10:14:03.045657921+08:00,TEST336,Bond
337,34.6,2022-11-04T10:14:03.045657921+08:00,TEST337,Stock
338,34.7,2022-11-04T10:14:03.045657921+08:00,TEST338,Bond
339,34.8,2022-11-04T10:14:03.045657921+08:00,TEST339,Stock
340,34.9,2022-11-04T10:14:03.045657921+08:00,TEST340,Bond
341,35,2022-11-04T10:14:03.045657921+08:00,TEST341,Stock
342,35.1,2022-11-04T10:14:03.045657921+08:00,TEST342,Bond
343,35.2,2022-11-04T10:14:03.045657921+08:00,TEST343,Stock
344,35.3,2022-11-04T10:14:03.045657921+08:00,TEST344,Bond
345,35.4,2022-11-04T10:14:03.045657921+08:00,TEST345,Stock
346,35.5,2022-11-04T10:14:03.045657921+08:00,TEST346,Bond
347,35.6,2022-11-04T10:14:03.045657921+08:00,TEST347,Stock
348,35.7,2022-11-04T10:14:03.045657921+08:00,TEST348,Bond
349,35.8,2022-11-04T10:14:03.045657921+08:00,TEST349,Stock
350,35.9,2022-11-04T10:14:03.045657921+08:00,TEST350,Bond
351,36,2022-11-04T10:14:03.045657921+08:00,TEST351,Stock
352,36.1,2022-11-04T10:14:03.045657921+08:00,TEST352,Bond
353,36.2,2022-11-04T10:14:03.045657921+08:00,TEST353,Stock
354,36.3,2022-11-04T10:14:03.045657921+08:00,TEST354,Bond
355,36.4,2022-11-04T10:14:03.045657921+08:00,TEST355,Stock
356,36.5,2022-11-04T10:14:03.045657921+08:00,TEST356,Bond
357,36.6,2022-11-04T10:14:03.045657921+08:00,TEST357,Stock
358,36.7,2022-11-04T10:14:03.045657921+08:00,TEST358,Bond
359,36.8,2022-11-04T10:14:03.045657921+08:00,TEST359,Stock
360,36.9,2022-11-04T10:14:03.045657921+08:00,TEST360,Bond
361,37,2022-11-04T10:14:03.045657921+08:00,TEST361,Stock
362,37.1,2022-11-04T10:14:03.045657921+08:00,TEST362,Bond
363,37.2,2022-11-04T10:14:03.045657921+08:00,TEST363,Stock
364,37.3,2022-11-04T10:14:03.045657921+08:00,TEST364,Bond
365,37.4,2022-11-04T10:14:03.045657921+08:00,TEST365,Stock
366,37.5,2022-11-04T10:14:03.045657921+08:00,TEST366,Bond
367,37.6,2022-11-04T10:14:03.045657921+08:00,TEST367,Stock
368,37.7,2022-11-04T10:14:03.045657921+08:00,TEST368,Bond
369,37.8,2022-11-04T10:14:03.045657921+08:00,TEST369,Stock
370,37.9,2022-11-04T10:14:03.045657921+08:00,TEST370,Bond
371,38,2022-11-04T10:14:03.045657921+08:00,TEST371,Stock
372,38.1,2022-11-04T10:14:03.045657921+08:00,TEST372,Bond
373,38.2,2022-11-04T10:14:03.045657921+08:00,TEST373,Stock
374,38.3,2022-11-04T10:14:03.045657921+08:00,TEST374,Bond
375,38.4,2022-11-04T10:14:03.045657921+08:00,TEST375,Stock
376,38.5,2022-11-04T10:14:03.045657921+08:00,TEST376,Bond
377,38.6,2022-11-04T10:14:03.045657921+08:00,TEST377,Stock
378,38.7,2022-11-04T10:14:03.045657921+08:00,TEST378,Bond
379,38.8,2022-11-04T10:14:03.045657921+08:00,TEST379,Stock
380,38.9,2022-11-04T10:14:03.045657921+08:00,TEST380,Bond
381,39,2022-11-04T10:14:03.045657921+08:00,TEST381,Stock
382,39.1,2022-11-04T10:14:03.045657921+08:00,TEST382,Bond
383,39.2,2022-11-04T10:14:03.045657921+08:00,TEST383,Stock
384,39.3,2022-11-04T10:14:03.045657921+08:00,TEST384,Bond
385,39.4,2022-11-04T10:14:03.045657921+08:00,TEST385,Stock
386,39.5,2022-11-04T10:14:03.045657921+08:00,TEST386,Bond
387,39.6,2022-11-04T10:14:03.045657921+08:00,TEST387,Stock
388,39.7,2022-11-04T10:14:03.045657921+08:00,TEST388,Bond
389,39.8,2022-11-04T10:14:03.045657921+08:00,TEST389,Stock
390,39.9,2022-11-04T10:14:03.045657921+08:00,TEST390,Bond
391,40,2022-11-04T10:14:03.045657921+08:00,TEST391,Stock
392,40.1,2022-11-04T10:14:03.045657921+08:00,TEST392,Bond
393,40.2,2022-11-04T10:14:03.045657921+08:00,TEST393,Stock
394,40.3,2022-11-04T10:14:03.045657921+08:00,TEST394,Bond
395,40.4,2022-11-04T10:14:03.045657921+08:00,TEST395,Stock
396,40.5,2022-11-04T10:14:03.045657921+08:00,TEST396,Bond
397,40.6,2022-11-04T10:14:03.045657921+08:00,TEST397,Stock
398,40.7,2022-11-04T10:14:03.045657921+08:00,TEST398,Bond
399,40.8,2022-11-04T10:14:03.045657921+08:00,TEST399,Stock
400,40.9,2022-11-04T10:14:03.045657921+08:00,TEST400,Bond
401,41,2022-11-04T10:14:03.045657921+08:00,TEST401,Stock
402,41.1,2022-11-04T10:14:03.045657921+08:00,TEST402,Bond
403,41.2,2022-11-04T10:14:03.045657921+08:00,TEST403,Stock
404,41.3,2022-11-04T10:14:03.045657921+08:00,TEST404,Bond
405,41.4,2022-11-04T10:14:03.045657921+08:00,TEST405,Stock
406,41.5,2022-11-04T10:14:03.045657921+08:00,TEST406,Bond
407,41.6,2022-11-04T10:14:03.045657921+08:00,TEST407,Stock
408,41.7,2022-11-04T10:14:03.045657921+08:00,TEST408,Bond
409,41.8,2022-11-04T10:14:03.045657921+08:00,TEST409,Stock
410,41.9,2022-11-04T10:14:03.045657921+08:00,TEST410,Bond
411,42,2022-11-04T10:14:03.045657921+08:00,TEST411,Stock
412,42.1,2022-11-04T10:14:03.045657921+08:00,TEST412,Bond
413,42.2,2022-11-04T10:14:03.045657921+08:00,TEST413,Stock
414,42.3,2022-11-04T10:14:03.045657921+08:00,TEST414,Bond
415,42.4,2022-11-04T10:14:03.045657921+08:00,TEST415,Stock
416,42.5,2022-11-04T10:14:03.045657921+08:00,TEST416,Bond
417,42.6,2022-11-04T10:14:03.045657921+08:00,TEST417,Stock
418,42.7,2022-11-04T10:14:03.045657921+08:00,TEST418,Bond
419,42.8,2022-11-04T10:14:03.045657921+08:00,TEST419,Stock
420,42.9,2022-11-04T10:14:03.045657921+08:00,TEST420,Bond
421,43,2022-11-04T10:14:03.045657921+08:00,TEST421,Stock
422,43.1,2022-11-04T10:14:03.045657921+08:00,TEST422,Bond
423,43.2,2022-11-04T10:14:03.045657921+08:00,TEST423,Stock
424,43.3,2022-11-04T10:14:03.045657921+08:00,TEST424,Bond
425,43.4,2022-11-04T10:14:03.045657921+08:00,TEST425,Stock
426,43.5,2022-11-04T10:14:03.045657921+08:00,TEST426,Bond
427,43.6,2022-11-04T10:14:03.045657921+08:00,TEST427,Stock
428,43.7,2022-11-04T10:14:03.045657921+08:00,TEST428,Bond
429,43.8,2022-11-04T10:14:03.045657921+08:00,TEST429,Stock
430,43.9,2022-11-04T10:14:03.045657921+08:00,TEST430,Bond
431,44,2022-11-04T10:14:03.045657921+08:00,TEST431,Stock
432,44.1,2022-11-04T10:14:03.045657921+08:00,TEST432,Bond
433,44.2,2022-11-04T10:14:03.045657921+08:00,TEST433,Stock
434,44.3,2022-11-04T10:14:03.045657921+08:00,TEST434,Bond
435,44.4,2022-11-04T10:14:03.045657921+08:00,TEST435,Stock
436,44.5,2022-11-04T10:14:03.045657921+08:00,TEST436,Bond
437,44.6,2022-11-04T10:14:03.045657921+08:00,TEST437,Stock
438,44.7,2022-11-04T10:14:03.045657921+08:00,TEST438,Bond
439,44.8,2022-11-04T10:14:03.045657921+08:00,TEST439,Stock
440,44.9,2022-11-04T10:14:03.045657921+08:00,TEST440,Bond
441,45,2022-11-04T10:14:03.045657921+08:00,TEST441,Stock
442,45.1,2022-11-04T10:14:03.045657921+08:00,TEST442,Bond
443,45.2,2022-11-04T10:14:03.045657921+08:00,TEST443,Stock
444,45.3,2022-11-04T10:14:03.045657921+08:00,TEST444,Bond
445,45.4,2022-11-04T10:14:03.045657921+08:00,TEST445,Stock
446,45.5,2022-11-04T10:14:03.045657921+08:00,TEST446,Bond
447,45.6,2022-11-04T10:14:03.045657921+08:00,TEST447,Stock
448,45.7,2022-11-04T10:14:03.045657921+08:00,TEST448,Bond
449,45.8,2022-11-04T10:14:03.045657921+08:00,TEST449,Stock
450,45.9,2022-11-04T10:14:03.045657921+08:00,TEST450,Bond
451,46,2022-11-04T10:14:03.045657921+08:00,TEST451,Stock
452,46.1,2022-11-04T10:14:03.045657921+08:00,TEST452,Bond
453,46.2,2022-11-04T10:14:03.045657921+08:00,TEST453,Stock
454,46.3,2022-11-04T10:14:03.045657921+08:00,TEST454,Bond
455,46.4,2022-11-04T10:14:03.045657921+08:00,TEST455,Stock
456,46.5,2022-11-04T10:14:03.045657921+08:00,TEST456,Bond
457,46.6,2022-11-04T10:14:03.045657921+08:00,TEST457,Stock
458,46.7,2022-11-04T10:14:03.045657921+08:00,TEST458,Bond
459,46.8,2022-11-04T10:14:03.045657921+08:00,TEST459,Stock
460,46.9,2022-11-04T10:14:03.045657921+08:00,TEST460,Bond
461,47,2022-11-04T10:14:03.045657921+08:00,TEST461,Stock
462,47.1,2022-11-04T10:14:03.045657921+08:00,TEST462,Bond
463,47.2,2022-11-04T10:14:03.045657921+08:00,TEST463,Stock
464,47.3,2022-11-04T10:14:03.045657921+08:00,TEST464,Bond
465,47.4,2022-11-04T10:14:03.045657921+08:00,TEST465,Stock
466,47.5,2022-11-04T10:14:03.045657921+08:00,TEST466,Bond
467,47.6,2022-11-04T10:14:03.045657921+08:00,TEST467,Stock
468,47.7,2022-11-04T10:14:03.045657921+08:00,TEST468,Bond
469,47.8,2022-11-04T10:14:03.045657921+08:00,TEST469,Stock
470,47.9,2022-11-04T10:14:03.045657921+08:00,TEST470,Bond
471,48,2022-11-04T10:14:03.045657921+08:00,TEST471,Stock
472,48.1,2022-11-04T10:14:03.045657921+08:00,TEST472,Bond
473,48.2,2022-11-04T10:14:03.045657921+08:00,TEST473,Stock
474,48.3,2022-11-04T10:14:03.045657921+08:00,TEST474,Bond
475,48.4,2022-11-04T10:14:03.045657921+08:00,TEST475,Stock
476,48.5,2022-11-04T10:14:03.045657921+08:00,TEST476,Bond
477,48.6,2022-11-04T10:14:03.045657921+08:00,TEST477,Stock
478,48.7,2022-11-04T10:14:03.045657921+08:00,TEST478,Bond
479,48.8,2022-11-04T10:14:03.045657921+08:00,TEST479,Stock
480,48.9,2022-11-04T10:14:03.045657921+08:00,TEST480,Bond
481,49,2022-11-04T10:14:03.045657921+08:00,TEST481,Stock
482,49.1,2022-11-04T10:14:03.045657921+08:00,TEST482,Bond
483,49.2,2022-11-04T10:14:03.045657921+08:00,TEST483,Stock
484,49.3,2022-11-04T10:14:03.045657921+08:00,TEST484,Bond
485,49.4,2022-11-04T10:14:03.045657921+08:00,TEST485,Stock
486,49.5,2022-11-04T10:14:03.045657921+08:00,TEST486,Bond
487,49.6,2022-11-04T10:14:03.045657921+08:00,TEST487,Stock
488,49.7,2022-11-04T10:14:03.045657921+08:00,TEST488,Bond
489,49.8,2022-11-04T10:14:03.045657921+08:00,TEST489,Stock
490,49.9,2022-11-04T10:14:03.045657921+08:00,TEST490,Bond
491,50,2022-11-04T10:14:03.045657921+08:00,TEST491,Stock
492,50.1,2022-11-04T10:14:03.045657921+08:00,TEST492,Bond
493,50.2,2022-11-04T10:14:03.045657921+08:00,TEST493,Stock
494,50.3,2022-11-04T10:14:03.045657921+08:00,TEST494,Bond
495,50.4,2022-11-04T10:14:03.045657921+08:00,TEST495,Stock
496,50.5,2022-11-04T10:14:03.045657921+08:00,TEST496,Bond
497,50.6,2022-11-04T10:14:03.045657921+08:00,TEST497,Stock
498,50.7,2022-11-04T10:14:03.045657921+08:00,TEST498,Bond
499,50.8,2022-11-04T10:14:03.045657921+08:00,TEST499,Stock
500,50.9,2022-11-04T10:14:03.045657921+08:00,TEST500,Bond
501,51,2022-11-04T10:14:03.045657921+08:00,TEST501,Stock
502,51.1,2022-11-04T10:14:03.045657921+08:00,TEST502,Bond
503,51.2,2022-11-04T10:14:03.045657921+08:00,TEST503,Stock
504,51.3,2022-11-04T10:14:03.045657921+08:00,TEST504,Bond
505,51.4,2022-11-04T10:14:03.045657921+08:00,TEST505,Stock
506,51.5,2022-11-04T10:14:03.045657921+08:00,TEST506,Bond
507,51.6,2022-11-04T10:14:03.045657921+08:00,TEST507,Stock
508,51.7,2022-11-04T10:14:03.045657921+08:00,TEST508,Bond
509,51.8,2022-11-04T10:14:03.045657921+08:00,TEST509,Stock
510,51.9,2022-11-04T10:14:03.045657921+08:00,TEST510,Bond
511,52,2022-11-04T10:14:03.045657921+08:00,TEST511,Stock
512,52.1,2022-11-04T10:14:03.045657921+08:00,TEST512,Bond
513,52.2,2022-11-04T10:14:03.045657921+08:00,TEST513,Stock
514,52.3,2022-11-04T10:14:03.045657921+08:00,TEST514,Bond
515,52.4,2022-11-04T10:14:03.045657921+08:00,TEST515,Stock
516,52.5,2022-11-04T10:14:03.045657921+08:00,TEST516,Bond
517,52.6,2022-11-04T10:14:03.045657921+08:00,TEST517,Stock
518,52.7,2022-11-04T10:14:03.045657921+08:00,TEST518,Bond
519,52.8,2022-11-04T10:14:03.045657921+08:00,TEST519,Stock
520,52.9,2022-11-04T10:14:03.045657921+08:00,TEST520,Bond
521,53,2022-11-04T10:14:03.045657921+08:00,TEST521,Stock
522,53.1,2022-11-04T10:14:03.045657921+08:00,TEST522,Bond
523,53.2,2022-11-04T10:14:03.045657921+08:00,TEST523,Stock
524,53.3,2022-11-04T10:14:03.045657921+08:00,TEST524,Bond
525,53.4,2022-11-04T10:14:03.045657921+08:00,TEST525,Stock
526,53.5,2022-11-04T10:14:03.045657921+08:00,TEST526,Bond
527,53.6,2022-11-04T10:14:03.045657921+08:00,TEST527,Stock
528,53.7,2022-11-04T10:14:03.045657921+08:00,TEST528,Bond
529,53.8,2022-11-04T10:14:03.045657921+08:00,TEST529,Stock
530,53.9,2022-11-04T10:14:03.045657921+08:00,TEST530,Bond
531,54,2022-11-04T10:14:03.045657921+08:00,TEST531,Stock
532,54.1,2022-11-04T10:14:03.045657921+08:00,TEST532,Bond
533,54.2,2022-11-04T10:14:03.045657921+08:00,TEST533,Stock
534,54.3,2022-11-04T10:14:03.045657921+08:00,TEST534,Bond
535,54.4,2022-11-04T10:14:03.045657921+08:00,TEST535,Stock
536,54.5,2022-11-04T10:14:03.045657921+08:00,TEST536,Bond
537,54.6,2022-11-04T10:14:03.045657921+08:00,TEST537,Stock
538,54.7,2022-11-04T10:14:03.045657921+08:00,TEST538,Bond
539,54.8,2022-11-04T10:14:03.045657921+08:00,TEST539,Stock
540,54.9,2022-11-04T10:14:03.045657921+08:00,TEST540,Bond
541,55,2022-11-04T10:14:03.045657921+08:00,TEST541,Stock
542,55.1,2022-11-04T10:14:03.045657921+08:00,TEST542,Bond
543,55.2,2022-11-04T10:14:03.045657921+08:00,TEST543,Stock
544,55.3,2022-11-04T10:14:03.045657921+08:00,TEST544,Bond
545,55.4,2022-11-04T10:14:03.045657921+08:00,TEST545,Stock
546,55.5,2022-11-04T10:14:03.045657921+08:00,TEST546,Bond
547,55.6,2022-11-04T10:14:03.045657921+08:00,TEST547,Stock
548,55.7,2022-11-04T10:14:03.045657921+08:00,TEST548,Bond
549,55.8,2022-11-04T10:14:03.045657921+08:00,TEST549,Stock
550,55.9,2022-11-04T10:14:03.045657921+08:00,TEST550,Bond
551,56,2022-11-04T10:14:03.045657921+08:00,TEST551,Stock
552,56.1,2022-11-04T10:14:03.045657921+08:00,TEST552,Bond
553,56.2,2022-11-04T10:14:03.045657921+08:00,TEST553,Stock
554,56.3,2022-11-04T10:14:03.045657921+08:00,TEST554,Bond
555,56.4,2022-11-04T10:14:03.045657921+08:00,TEST555,Stock
556,56.5,2022-11-04T10:14:03.045657921+08:00,TEST556,Bond
557,56.6,2022-11-04T10:14:03.045657921+08:00,TEST557,Stock
558,56.7,2022-11-04T10:14:03.045657921+08:00,TEST558,Bond
559,56.8,2022-11-04T10:14:03.045657921+08:00,TEST559,Stock
560,56.9,2022-11-04T10:14:03.045657921+08:00,TEST560,Bond
561,57,2022-11-04T10:14:03.045657921+08:00,TEST561,Stock
562,57.1,2022-11-04T10:14:03.045657921+08:00,TEST562,Bond
563,57.2,2022-11-04T10:14:03.045657921+08:00,TEST563,Stock
564,57.3,2022-11-04T10:14:03.045657921+08:00,TEST564,Bond
565,57.4,2022-11-04T10:14:03.045657921+08:00,TEST565,Stock
566,57.5,2022-11-04T10:14:03.045657921+08:00,TEST566,Bond
567,57.6,2022-11-04T10:14:03.045657921+08:00,TEST567,Stock
568,57.7,2022-11-04T10:14:03.045657921+08:00,TEST568,Bond
569,57.8,2022-11-04T10:14:03.045657921+08:00,TEST569,Stock
570,57.9,2022-11-04T10:14:03.045657921+08:00,TEST570,Bond
571,58,2022-11-04T10:14:03.045657921+08:00,TEST571,Stock
572,58.1,2022-11-04T10:14:03.045657921+08:00,TEST572,Bond
573,58.2,2022-11-04T10:14:03.045657921+08:00,TEST573,Stock
574,58.3,2022-11-04T10:14:03.045657921+08:00,TEST574,Bond
575,58.4,2022-11-04T10:14:03.045657921+08:00,TEST575,Stock
576,58.5,2022-11-04T10:14:03.045657921+08:00,TEST576,Bond
577,58.6,2022-11-04T10:14:03.045657921+08:00,TEST577,Stock
578,58.7,2022-11-04T10:14:03.045657921+08:00,TEST578,Bond
579,58.8,2022-11-04T10:14:03.045657921+08:00,TEST579,Stock
580,58.9,2022-11-04T10:14:03.045657921+08:00,TEST580,Bond
581,59,2022-11-04T10:14:03.045657921+08:00,TEST581,Stock
582,59.1,2022-11-04T10:14:03.045657921+08:00,TEST582,Bond
583,59.2,2022-11-04T10:14:03.045657921+08:00,TEST583,Stock
584,59.3,2022-11-04T10:14:03.045657921+08:00,TEST584,Bond
585,59.4,2022-11-04T10:14:03.045657921+08:00,TEST585,Stock
586,59.5,2022-11-04T10:14:03.045657921+08:00,TEST586,Bond
587,59.6,2022-11-04T10:14:03.045657921+08:00,TEST587,Stock
588,59.7,2022-11-04T10:14:03.045657921+08:00,TEST588,Bond
589,59.8,2022-11-04T10:14:03.045657921+08:00,TEST589,Stock
590,59.9,2022-11-04T10:14:03.045657921+08:00,TEST590,Bond
591,60,2022-11-04T10:14:03.045657921+08:00,TEST591,Stock
592,60.1,2022-11-04T10:14:03.045657921+08:00,TEST592,Bond
593,60.2,2022-11-04T10:14:03.045657921+08:00,TEST593,Stock
594,60.3,2022-11-04T10:14:03.045657921+08:00,TEST594,Bond
595,60.4,2022-11-04T10:14:03.045657921+08:00,TEST595,Stock
596,60.5,2022-11-04T10:14:03.045657921+08:00,TEST596,Bond
597,60.6,2022-11-04T10:14:03.045657921+08:00,TEST597,Stock
598,60.7,2022-11-04T10:14:03.045657921+08:00,TEST598,Bond
599,60.8,2022-11-04T10:14:03.045657921+08:00,TEST599,Stock
600,60.9,2022-11-04T10:14:03.045657921+08:00,TEST600,Bond
601,61,2022-11-04T10:14:03.045657921+08:00,TEST601,Stock
602,61.1,2022-11-04T10:14:03.045657921+08:00,TEST602,Bond
603,61.2,2022-11-04T10:14:03.045657921+08:00,TEST603,Stock
604,61.3,2022-11-04T10:14:03.045657921+08:00,TEST604,Bond
605,61.4,2022-11-04T10:14:03.045657921+08:00,TEST605,Stock
606,61.5,2022-11-04T10:14:03.045657921+08:00,TEST606,Bond
607,61.6,2022-11-04T10:14:03.045657921+08:00,TEST607,Stock
608,61.7,2022-11-04T10:14:03.045657921+08:00,TEST608,Bond
609,61.8,2022-11-04T10:14:03.045657921+08:00,TEST609,Stock
610,61.9,2022-11-04T10:14:03.045657921+08:00,TEST610,Bond
611,62,2022-11-04T10:14:03.045657921+08:00,TEST611,Stock
612,62.1,2022-11-04T10:14:03.045657921+08:00,TEST612,Bond
613,62.2,2022-11-04T10:14:03.045657921+08:00,TEST613,Stock
614,62.3,2022-11-04T10:14:03.045657921+08:00,TEST614,Bond
615,62.4,2022-11-04T10:14:03.045657921+08:00,TEST615,Stock
616,62.5,2022-11-04T10:14:03.045657921+08:00,TEST616,Bond
617,62.6,2022-11-04T10:14:03.045657921+08:00,TEST617,Stock
618,62.7,2022-11-04T10:14:03.045657921+08:00,TEST618,Bond
619,62.8,2022-11-04T10:14:03.045657921+08:00,TEST619,Stock
620,62.9,2022-11-04T10:14:03.045657921+08:00,TEST620,Bond
621,63,2022-11-04T10:14:03.045657921+08:00,TEST621,Stock
622,63.1,2022-11-04T10:14:03.045657921+08:00,TEST622,Bond
623,63.2,2022-11-04T10:14:03.045657921+08:00,TEST623,Stock
624,63.3,2022-11-04T10:14:03.045657921+08:00,TEST624,Bond
625,63.4,2022-11-04T10:14:03.045657921+08:00,TEST625,Stock
626,63.5,2022-11-04T10:14:03.045657921+08:00,TEST626,Bond
627,63.6,2022-11-04T10:14:03.045657921+08:00,TEST627,Stock
628,63.7,2022-11-04T10:14:03.045657921+08:00,TEST628,Bond
629,63.8,2022-11-04T10:14:03.045657921+08:00,TEST629,Stock
630,63.9,2022-11-04T10:14:03.045657921+08:00,TEST630,Bond
631,64,2022-11-04T10:14:03.045657921+08:00,TEST631,Stock
632,64.1,2022-11-04T10:14:03.045657921+08:00,TEST632,Bond
633,64.2,2022-11-04T10:14:03.045657921+08:00,TEST633,Stock
634,64.3,2022-11-04T10:14:03.045657921+08:00,TEST634,Bond
635,64.4,2022-11-04T10:14:03.045657921+08:00,TEST635,Stock
636,64.5,2022-11-04T10:14:03.045657921+08:00,TEST636,Bond
637,64.6,2022-11-04T10:14:03.045657921+08:00,TEST637,Stock
638,64.7,2022-11-04T10:14:03.045657921+08:00,TEST638,Bond
639,64.8,2022-11-04T10:14:03.045657921+08:00,TEST639,Stock
640,64.9,2022-11-04T10:14:03.045657921+08:00,TEST640,Bond
641,65,2022-11-04T10:14:03.045657921+08:00,TEST641,Stock
642,65.1,2022-11-04T10:14:03.045657921+08:00,TEST642,Bond
643,65.2,2022-11-04T10:14:03.045657921+08:00,TEST643,Stock
644,65.3,2022-11-04T10:14:03.045657921+08:00,TEST644,Bond
645,65.4,2022-11-04T10:14:03.045657921+08:00,TEST645,Stock
646,65.5,2022-11-04T10:14:03.045657921+08:00,TEST646,Bond
647,65.6,2022-11-04T10:14:03.045657921+08:00,TEST647,Stock
648,65.7,2022-11-04T10:14:03.045657921+08:00,TEST648,Bond
649,65.8,2022-11-04T10:14:03.045657921+08:00,TEST649,Stock
650,65.9,2022-11-04T10:14:03.045657921+08:00,TEST650,Bond
651,66,2022-11-04T10:14:03.045657921+08:00,TEST651,Stock
652,66.1,2022-11-04T10:14:03.045657921+08:00,TEST652,Bond
653,66.2,2022-11-04T10:14:03.045657921+08:00,TEST653,Stock
654,66.3,2022-11-04T10:14:03.045657921+08:00,TEST654,Bond
655,66.4,2022-11-04T10:14:03.045657921+08:00,TEST655,Stock
656,66.5,2022-11-04T10:14:03.045657921+08:00,TEST656,Bond
657,66.6,2022-11-04T10:14:03.045657921+08:00,TEST657,Stock
658,66.7,2022-11-04T10:14:03.045657921+08:00,TEST658,Bond
659,66.8,2022-11-04T10:14:03.045657921+08:00,TEST659,Stock
660,66.9,2022-11-04T10:14:03.045657921+08:00,TEST660,Bond
661,67,2022-11-04T10:14:03.045657921+08:00,TEST661,Stock
662,67.1,2022-11-04T10:14:03.045657921+08:00,TEST662,Bond
663,67.2,2022-11-04T10:14:03.045657921+08:00,TEST663,Stock
664,67.3,2022-11-04T10:14:03.045657921+08:00,TEST664,Bond
665,67.4,2022-11-04T10:14:03.045657921+08:00,TEST665,Stock
666,67.5,2022-11-04T10:14:03.045657921+08:00,TEST666,Bond
667,67.6,2022-11-04T10:14:03.045657921+08:00,TEST667,Stock
668,67.7,2022-11-04T10:14:03.045657921+08:00,TEST668,Bond
669,67.8,2022-11-04T10:14:03.045657921+08:00,TEST669,Stock
670,67.9,2022-11-04T10:14:03.045657921+08:00,TEST670,Bond
671,68,2022-11-04T10:14:03.045657921+08:00,TEST671,Stock
672,68.1,2022-11-04T10:14:03.045657921+08:00,TEST672,Bond
673,68.2,2022-11-04T10:14:03.045657921+08:00,TEST673,Stock
674,68.3,2022-11-04T10:14:03.045657921+08:00,TEST674,Bond
675,68.4,2022-11-04T10:14:03.045657921+08:00,TEST675,Stock
676,68.5,2022-11-04T10:14:03.045657921+08:00,TEST676,Bond
677,68.6,2022-11-04T10:14:03.045657921+08:00,TEST677,Stock
678,68.7,2022-11-04T10:14:03.045657921+08:00,TEST678,Bond
679,68.8,2022-11-04T10:14:03.045657921+08:00,TEST679,Stock
680,68.9,2022-11-04T10:14:03.045657921+08:00,TEST680,Bond
681,69,2022-11-04T10:14:03.045657921+08:00,TEST681,Stock
682,69.1,2022-11-04T10:14:03.045657921+08:00,TEST682,Bond
683,69.2,2022-11-04T10:14:03.045657921+08:00,TEST683,Stock
684,69.3,2022-11-04T10:14:03.045657921+08:00,TEST684,Bond
685,69.4,2022-11-04T10:14:03.045657921+08:00,TEST685,Stock
686,69.5,2022-11-04T10:14:03.045657921+08:00,TEST686,Bond
687,69.6,2022-11-04T10:14:03.045657921+08:00,TEST687,Stock
688,69.7,2022-11-04T10:14:03.045657921+08:00,TEST688,Bond
689,69.8,2022-11-04T10:14:03.045657921+08:00,TEST689,Stock
690,69.9,2022-11-04T10:14:03.045657921+08:00,TEST690,Bond
691,70,2022-11-04T10:14:03.045657921+08:00,TEST691,Stock
692,70.1,2022-11-04T10:14:03.045657921+08:00,TEST692,Bond
693,70.2,2022-11-04T10:14:03.045657921+08:00,TEST693,Stock
694,70.3,2022-11-04T10:14:03.045657921+08:00,TEST694,Bond
695,70.4,2022-11-04T10:14:03.045657921+08:00,TEST695,Stock
696,70.5,2022-11-04T10:14:03.045657921+08:00,TEST696,Bond
697,70.6,2022-11-04T10:14:03.045657921+08:00,TEST697,Stock
698,70.7,2022-11-04T10:14:03.045657921+08:00,TEST698,Bond
699,70.8,2022-11-04T10:14:03.045657921+08:00,TEST699,Stock
700,70.9,2022-11-04T10:14:03.045657921+08:00,TEST700,Bond
701,71,2022-11-04T10:14:03.045657921+08:00,TEST701,Stock
702,71.1,2022-11-04T10:14:03.045657921+08:00,TEST702,Bond
703,71.2,2022-11-04T10:14:03.045657921+08:00,TEST703,Stock
704,71.3,2022-11-04T10:14:03.045657921+08:00,TEST704,Bond
705,71.4,2022-11-04T10:14:03.045657921+08:00,TEST705,Stock
706,71.5,2022-11-04T10:14:03.045657921+08:00,TEST706,Bond
707,71.6,2022-11-04T10:14:03.045657921+08:00,TEST707,Stock
708,71.7,2022-11-04T10:14:03.045657921+08:00,TEST708,Bond
709,71.8,2022-11-04T10:14:03.045657921+08:00,TEST709,Stock
710,71.9,2022-11-04T10:14:03.045657921+08:00,TEST710,Bond
711,72,2022-11-04T10:14:03.045657921+08:00,TEST711,Stock
712,72.1,2022-11-04T10:14:03.045657921+08:00,TEST712,Bond
713,72.2,2022-11-04T10:14:03.045657921+08:00,TEST713,Stock
714,72.3,2022-11-04T10:14:03.045657921+08:00,TEST714,Bond
715,72.4,2022-11-04T10:14:03.045657921+08:00,TEST715,Stock
716,72.5,2022-11-04T10:14:03.045657921+08:00,TEST716,Bond
717,72.6,2022-11-04T10:14:03.045657921+08:00,TEST717,Stock
718,72.7,2022-11-04T10:14:03.045657921+08:00,TEST718,Bond
719,72.8,2022-11-04T10:14:03.045657921+08:00,TEST719,Stock
720,72.9,2022-11-04T10:14:03.045657921+08:00,TEST720,Bond
721,73,2022-11-04T10:14:03.045657921+08:00,TEST721,Stock
722,73.1,2022-11-04T10:14:03.045657921+08:00,TEST722,Bond
723,73.2,2022-11-04T10:14:03.045657921+08:00,TEST723,Stock
724,73.3,2022-11-04T10:14:03.045657921+08:00,TEST724,Bond
725,73.4,2022-11-04T10:14:03.045657921+08:00,TEST725,Stock
726,73.5,2022-11-04T10:14:03.045657921+08:00,TEST726,Bond
727,73.6,2022-11-04T10:14:03.045657921+08:00,TEST727,Stock
728,73.7,2022-11-04T10:14:03.045657921+08:00,TEST728,Bond
729,73.8,2022-11-04T10:14:03.045657921+08:00,TEST729,Stock
730,73.9,2022-11-04T10:14:03.045657921+08:00,TEST730,Bond
731,74,2022-11-04T10:14:03.045657921+08:00,TEST731,Stock
732,74.1,2022-11-04T10:14:03.045657921+08:00,TEST732,Bond
733,74.2,2022-11-04T10:14:03.045657921+08:00,TEST733,Stock
734,74.3,2022-11-04T10:14:03.045657921+08:00,TEST734,Bond
735,74.4,2022-11-04T10:14:03.045657921+08:00,TEST735,Stock
736,74.5,2022-11-04T10:14:03.045657921+08:00,TEST736,Bond
737,74.6,2022-11-04T10:14:03.045657921+08:00,TEST737,Stock
738,74.7,2022-11-04T10:14:03.045657921+08:00,TEST738,Bond
739,74.8,2022-11-04T10:14:03.045657921+08:00,TEST739,Stock
740,74.9,2022-11-04T10:14:03.045657921+08:00,TEST740,Bond
741,75,2022-11-04T10:14:03.045657921+08:00,TEST741,Stock
742,75.1,2022-11-04T10:14:03.045657921+08:00,TEST742,Bond
743,75.2,2022-11-04T10:14:03.045657921+08:00,TEST743,Stock
744,75.3,2022-11-04T10:14:03.045657921+08:00,TEST744,Bond
745,75.4,2022-11-04T10:14:03.045657921+08:00,TEST745,Stock
746,75.5,2022-11-04T10:14:03.045657921+08:00,TEST746,Bond
747,75.6,2022-11-04T10:14:03.045657921+08:00,TEST747,Stock
748,75.7,2022-11-04T10:14:03.045657921+08:00,TEST748,Bond
749,75.8,2022-11-04T10:14:03.045657921+08:00,TEST749,Stock
750,75.9,2022-11-04T10:14:03.045657921+08:00,TEST750,Bond
751,76,2022-11-04T10:14:03.045657921+08:00,TEST751,Stock
752,76.1,2022-11-04T10:14:03.045657921+08:00,TEST752,Bond
753,76.2,2022-11-04T10:14:03.045657921+08:00,TEST753,Stock
754,76.3,2022-11-04T10:14:03.045657921+08:00,TEST754,Bond
755,76.4,2022-11-04T10:14:03.045657921+08:00,TEST755,Stock
756,76.5,2022-11-04T10:14:03.045657921+08:00,TEST756,Bond
757,76.6,2022-11-04T10:14:03.045657921+08:00,TEST757,Stock
758,76.7,2022-11-04T10:14:03.045657921+08:00,TEST758,Bond
759,76.8,2022-11-04T10:14:03.045657921+08:00,TEST759,Stock
760,76.9,2022-11-04T10:14:03.045657921+08:00,TEST760,Bond
761,77,2022-11-04T10:14:03.045657921+08:00,TEST761,Stock
762,77.1,2022-11-04T10:14:03.045657921+08:00,TEST762,Bond
763,77.2,2022-11-04T10:14:03.045657921+08:00,TEST763,Stock
764,77.3,2022-11-04T10:14:03.045657921+08:00,TEST764,Bond
765,77.4,2022-11-04T10:14:03.045657921+08:00,TEST765,Stock
766,77.5,2022-11-04T10:14:03.045657921+08:00,TEST766,Bond
767,77.6,2022-11-04T10:14:03.045657921+08:00,TEST767,Stock
768,77.7,2022-11-04T10:14:03.045657921+08:00,TEST768,Bond
769,77.8,2022-11-04T10:14:03.045657921+08:00,TEST769,Stock
770,77.9,2022-11-04T10:14:03.045657921+08:00,TEST770,Bond
771,78,2022-11-04T10:14:03.045657921+08:00,TEST771,Stock
772,78.1,2022-11-04T10:14:03.045657921+08:00,TEST772,Bond
773,78.2,2022-11-04T10:14:03.045657921+08:00,TEST773,Stock
774,78.3,2022-11-04T10:14:03.045657921+08:00,TEST774,Bond
775,78.4,2022-11-04T10:14:03.045657921+08:00,TEST775,Stock
776,78.5,2022-11-04T10:14:03.045657921+08:00,TEST776,Bond
777,78.6,2022-11-04T10:14:03.045657921+08:00,TEST777,Stock
778,78.7,2022-11-04T10:14:03.045657921+08:00,TEST778,Bond
779,78.8,2022-11-04T10:14:03.045657921+08:00,TEST779,Stock
780,78.9,2022-11-04T10:14:03.045657921+08:00,TEST780,Bond
781,79,2022-11-04T10:14:03.045657921+08:00,TEST781,Stock
782,79.1,2022-11-04T10:14:03.045657921+08:00,TEST782,Bond
783,79.2,2022-11-04T10:14:03.045657921+08:00,TEST783,Stock
784,79.3,2022-11-04T10:14:03.045657921+08:00,TEST784,Bond
785,79.4,2022-11-04T10:14:03.045657921+08:00,TEST785,Stock
786,79.5,2022-11-04T10:14:03.045657921+08:00,TEST786,Bond
787,79.6,2022-11-04T10:14:03.045657921+08:00,TEST787,Stock
788,79.7,2022-11-04T10:14:03.045657921+08:00,TEST788,Bond
789,79.8,2022-11-04T10:14:03.045657921+08:00,TEST789,Stock
790,79.9,2022-11-04T10:14:03.045657921+08:00,TEST790,Bond
791,80,2022-11-04T10:14:03.045657921+08:00,TEST791,Stock
792,80.1,2022-11-04T10:14:03.045657921+08:00,TEST792,Bond
793,80.2,2022-11-04T10:14:03.045657921+08:00,TEST793,Stock
794,80.3,2022-11-04T10:14:03.045657921+08:00,TEST794,Bond
795,80.4,2022-11-04T10:14:03.045657921+08:00,TEST795,Stock
796,80.5,2022-11-04T10:14:03.045657921+08:00,TEST796,Bond
797,80.6,2022-11-04T10:14:03.045657921+08:00,TEST797,Stock
798,80.7,2022-11-04T10:14:03.045657921+08:00,TEST798,Bond
799,80.8,2022-11-04T10:14:03.045657921+08:00,TEST799,Stock
800,80.9,2022-11-04T10:14:03.045657921+08:00,TEST800,Bond
801,81,2022-11-04T10:14:03.045657921+08:00,TEST801,Stock
802,81.1,2022-11-04T10:14:03.045657921+08:00,TEST802,Bond
803,81.2,2022-11-04T10:14:03.045657921+08:00,TEST803,Stock
804,81.3,2022-11-04T10:14:03.045657921+08:00,TEST804,Bond
805,81.4,2022-11-04T10:14:03.045657921+08:00,TEST805,Stock
806,81.5,2022-11-04T10:14:03.045657921+08:00,TEST806,Bond
807,81.6,2022-11-04T10:14:03.045657921+08:00,TEST807,Stock
808,81.7,2022-11-04T10:14:03.045657921+08:00,TEST808,Bond
809,81.8,2022-11-04T10:14:03.045657921+08:00,TEST809,Stock
810,81.9,2022-11-04T10:14:03.045657921+08:00,TEST810,Bond
811,82,2022-11-04T10:14:03.045657921+08:00,TEST811,Stock
812,82.1,2022-11-04T10:14:03.045657921+08:00,TEST812,Bond
813,82.2,2022-11-04T10:14:03.045657921+08:00,TEST813,Stock
814,82.3,2022-11-04T10:14:03.045657921+08:00,TEST814,Bond
815,82.4,2022-11-04T10:14:03.045657921+08:00,TEST815,Stock
816,82.5,2022-11-04T10:14:03.045657921+08:00,TEST816,Bond
817,82.6,2022-11-04T10:14:03.045657921+08:00,TEST817,Stock
818,82.7,2022-11-04T10:14:03.045657921+08:00,TEST818,Bond
819,82.8,2022-11-04T10:14:03.045657921+08:00,TEST819,Stock
820,82.9,2022-11-04T10:14:03.045657921+08:00,TEST820,Bond
821,83,2022-11-04T10:14:03.045657921+08:00,TEST821,Stock
822,83.1,2022-11-04T10:14:03.045657921+08:00,TEST822,Bond
823,83.2,2022-11-04T10:14:03.045657921+08:00,TEST823,Stock
824,83.3,2022-11-04T10:14:03.045657921+08:00,TEST824,Bond
825,83.4,2022-11-04T10:14:03.045657921+08:00,TEST825,Stock
826,83.5,2022-11-04T10:14:03.045657921+08:00,TEST826,Bond
827,83.6,2022-11-04T10:14:03.045657921+08:00,TEST827,Stock
828,83.7,2022-11-04T10:14:03.045657921+08:00,TEST828,Bond
829,83.8,2022-11-04T10:14:03.045657921+08:00,TEST829,Stock
830,83.9,2022-11-04T10:14:03.045657921+08:00,TEST830,Bond
831,84,2022-11-04T10:14:03.045657921+08:00,TEST831,Stock
832,84.1,2022-11-04T10:14:03.045657921+08:00,TEST832,Bond
833,84.2,2022-11-04T10:14:03.045657921+08:00,TEST833,Stock
834,84.3,2022-11-04T10:14:03.045657921+08:00,TEST834,Bond
835,84.4,2022-11-04T10:14:03.045657921+08:00,TEST835,Stock
836,84.5,2022-11-04T10:14:03.045657921+08:00,TEST836,Bond
837,84.6,2022-11-04T10:14:03.045657921+08:00,TEST837,Stock
838,84.7,2022-11-04T10:14:03.045657921+08:00,TEST838,Bond
839,84.8,2022-11-04T10:14:03.045657921+08:00,TEST839,Stock
840,84.9,2022-11-04T10:14:03.045657921+08:00,TEST840,Bond
841,85,2022-11-04T10:14:03.045657921+08:00,TEST841,Stock
842,85.1,2022-11-04T10:14:03.045657921+08:00,TEST842,Bond
843,85.2,2022-11-04T10:14:03.045657921+08:00,TEST843,Stock
844,85.3,2022-11-04T10:14:03.045657921+08:00,TEST844,Bond
845,85.4,2022-11-04T10:14:03.045657921+08:00,TEST845,Stock
846,85.5,2022-11-04T10:14:03.045657921+08:00,TEST846,Bond
847,85.6,2022-11-04T10:14:03.045657921+08:00,TEST847,Stock
848,85.7,2022-11-04T10:14:03.045657921+08:00,TEST848,Bond
849,85.8,2022-11-04T10:14:03.045657921+08:00,TEST849,Stock
850,85.9,2022-11-04T10:14:03.045657921+08:00,TEST850,Bond
851,86,2022-11-04T10:14:03.045657921+08:00,TEST851,Stock
852,86.1,2022-11-04T10:14:03.045657921+08:00,TEST852,Bond
853,86.2,2022-11-04T10:14:03.045657921+08:00,TEST853,Stock
854,86.3,2022-11-04T10:14:03.045657921+08:00,TEST854,Bond
855,86.4,2022-11-04T10:14:03.045657921+08:00,TEST855,Stock
856,86.5,2022-11-04T10:14:03.045657921+08:00,TEST856,Bond
857,86.6,2022-11-04T10:14:03.045657921+08:00,TEST857,Stock
858,86.7,2022-11-04T10:14:03.045657921+08:00,TEST858,Bond
859,86.8,2022-11-04T10:14:03.045657921+08:00,TEST859,Stock
860,86.9,2022-11-04T10:14:03.045657921+08:00,TEST860,Bond
861,87,2022-11-04T10:14:03.045657921+08:00,TEST861,Stock
862,87.1,2022-11-04T10:14:03.045657921+08:00,TEST862,Bond
863,87.2,2022-11-04T10:14:03.045657921+08:00,TEST863,Stock
864,87.3,2022-11-04T10:14:03.045657921+08:00,TEST864,Bond
865,87.4,2022-11-04T10:14:03.045657921+08:00,TEST865,Stock
866,87.5,2022-11-04T10:14:03.045657921+08:00,TEST866,Bond
867,87.6,2022-11-04T10:14:03.045657921+08:00,TEST867,Stock
868,87.7,2022-11-04T10:14:03.045657921+08:00,TEST868,Bond
869,87.8,2022-11-04T10:14:03.045657921+08:00,TEST869,Stock
870,87.9,2022-11-04T10:14:03.045657921+08:00,TEST870,Bond
871,88,2022-11-04T10:14:03.045657921+08:00,TEST871,Stock
872,88.1,2022-11-04T10:14:03.045657921+08:00,TEST872,Bond
873,88.2,2022-11-04T10:14:03.045657921+08:00,TEST873,Stock
874,88.3,2022-11-04T10:14:03.045657921+08:00,TEST874,Bond
875,88.4,2022-11-04T10:14:03.045657921+08:00,TEST875,Stock
876,88.5,2022-11-04T10:14:03.045657921+08:00,TEST876,Bond
877,88.6,2022-11-04T10:14:03.045657921+08:00,TEST877,Stock
878,88.7,2022-11-04T10:14:03.045657921+08:00,TEST878,Bond
879,88.8,2022-11-04T10:14:03.045657921+08:00,TEST879,Stock
880,88.9,2022-11-04T10:14:03.045657921+08:00,TEST880,Bond
881,89,2022-11-04T10:14:03.045657921+08:00,TEST881,Stock
882,89.1,2022-11-04T10:14:03.045657921+08:00,TEST882,Bond
883,89.2,2022-11-04T10:14:03.045657921+08:00,TEST883,Stock
884,89.3,2022-11-04T10:14:03.045657921+08:00,TEST884,Bond
885,89.4,2022-11-04T10:14:03.045657921+08:00,TEST885,Stock
886,89.5,2022-11-04T10:14:03.045657921+08:00,TEST886,Bond
887,89.6,2022-11-04T10:14:03.045657921+08:00,TEST887,Stock
888,89.7,2022-11-04T10:14:03.045657921+08:00,TEST888,Bond
889,89.8,2022-11-04T10:14:03.045657921+08:00,TEST889,Stock
890,89.9,2022-11-04T10:14:03.045657921+08:00,TEST890,Bond
891,90,2022-11-04T10:14:03.045657921+08:00,TEST891,Stock
892,90.1,2022-11-04T10:14:03.045657921+08:00,TEST892,Bond
893,90.2,2022-11-04T10:14:03.045657921+08:00,TEST893,Stock
894,90.3,2022-11-04T10:14:03.045657921+08:00,TEST894,Bond
895,90.4,2022-11-04T10:14:03.045657921+08:00,TEST895,Stock
896,90.5,2022-11-04T10:14:03.045657921+08:00,TEST896,Bond
897,90.6,2022-11-04T10:14:03.045657921+08:00,TEST897,Stock
898,90.7,2022-11-04T10:14:03.045657921+08:00,TEST898,Bond
899,90.8,2022-11-04T10:14:03.045657921+08:00,TEST899,Stock
900,90.9,2022-11-04T10:14:03.045657921+08:00,TEST900,Bond
901,91,2022-11-04T10:14:03.045657921+08:00,TEST901,Stock
902,91.1,2022-11-04T10:14:03.045657921+08:00,TEST902,Bond
903,91.2,2022-11-04T10:14:03.045657921+08:00,TEST903,Stock
904,91.3,2022-11-04T10:14:03.045657921+08:00,TEST904,Bond
905,91.4,2022-11-04T10:14:03.045657921+08:00,TEST905,Stock
906,91.5,2022-11-04T10:14:03.045657921+08:00,TEST906,Bond
907,91.6,2022-11-04T10:14:03.045657921+08:00,TEST907,Stock
908,91.7,2022-11-04T10:14:03.045657921+08:00,TEST908,Bond
909,91.8,2022-11-04T10:14:03.045657921+08:00,TEST909,Stock
910,91.9,2022-11-04T10:14:03.045657921+08:00,TEST910,Bond
911,92,2022-11-04T10:14:03.045657921+08:00,TEST911,Stock
912,92.1,2022-11-04T10:14:03.045657921+08:00,TEST912,Bond
913,92.2,2022-11-04T10:14:03.045657921+08:00,TEST913,Stock
914,92.3,2022-11-04T10:14:03.045657921+08:00,TEST914,Bond
915,92.4,2022-11-04T10:14:03.045657921+08:00,TEST915,Stock
916,92.5,2022-11-04T10:14:03.045657921+08:00,TEST916,Bond
917,92.6,2022-11-04T10:14:03.045657921+08:00,TEST917,Stock
918,92.7,2022-11-04T10:14:03.045657921+08:00,TEST918,Bond
919,92.8,2022-11-04T10:14:03.045657921+08:00,TEST919,Stock
920,92.9,2022-11-04T10:14:03.045657921+08:00,TEST920,Bond
921,93,2022-11-04T10:14:03.045657921+08:00,TEST921,Stock
922,93.1,2022-11-04T10:14:03.045657921+08:00,TEST922,Bond
923,93.2,2022-11-04T10:14:03.045657921+08:00,TEST923,Stock
924,93.3,2022-11-04T10:14:03.045657921+08:00,TEST924,Bond
925,93.4,2022-11-04T10:14:03.045657921+08:00,TEST925,Stock
926,93.5,2022-11-04T10:14:03.045657921+08:00,TEST926,Bond
927,93.6,2022-11-04T10:14:03.045657921+08:00,TEST927,Stock
928,93.7,2022-11-04T10:14:03.045657921+08:00,TEST928,Bond
929,93.8,2022-11-04T10:14:03.045657921+08:00,TEST929,Stock
930,93.9,2022-11-04T10:14:03.045657921+08:00,TEST930,Bond
931,94,2022-11-04T10:14:03.045657921+08:00,TEST931,Stock
932,94.1,2022-11-04T10:14:03.045657921+08:00,TEST932,Bond
933,94.2,2022-11-04T10:14:03.045657921+08:00,TEST933,Stock
934,94.3,2022-11-04T10:14:03.045657921+08:00,TEST934,Bond
935,94.4,2022-11-04T10:14:03.045657921+08:00,TEST935,Stock
936,94.5,2022-11-04T10:14:03.045657921+08:00,TEST936,Bond
937,94.6,2022-11-04T10:14:03.045657921+08:00,TEST937,Stock
938,94.7,2022-11-04T10:14:03.045657921+08:00,TEST938,Bond
939,94.8,2022-11-04T10:14:03.045657921+08:00,TEST939,Stock
940,94.9,2022-11-04T10:14:03.045657921+08:00,TEST940,Bond
941,95,2022-11-04T10:14:03.045657921+08:00,TEST941,Stock
942,95.1,2022-11-04T10:14:03.045657921+08:00,TEST942,Bond
943,95.2,2022-11-04T10:14:03.045657921+08:00,TEST943,Stock
944,95.3,2022-11-04T10:14:03.045657921+08:00,TEST944,Bond
945,95.4,2022-11-04T10:14:03.045657921+08:00,TEST945,Stock
946,95.5,2022-11-04T10:14:03.045657921+08:00,TEST946,Bond
947,95.6,2022-11-04T10:14:03.045657921+08:00,TEST947,Stock
948,95.7,2022-11-04T10:14:03.045657921+08:00,TEST948,Bond
949,95.8,2022-11-04T10:14:03.045657921+08:00,TEST949,Stock
950,95.9,2022-11-04T10:14:03.045657921+08:00,TEST950,Bond
951,96,2022-11-04T10:14:03.045657921+08:00,TEST951,Stock
952,96.1,2022-11-04T10:14:03.045657921+08:00,TEST952,Bond
953,96.2,2022-11-04T10:14:03.045657921+08:00,TEST953,Stock
954,96.3,2022-11-04T10:14:03.045657921+08:00,TEST954,Bond
955,96.4,2022-11-04T10:14:03.045657921+08:00,TEST955,Stock
956,96.5,2022-11-04T10:14:03.045657921+08:00,TEST956,Bond
957,96.6,2022-11-04T10:14:03.045657921+08:00,TEST957,Stock
958,96.7,2022-11-04T10:14:03.045657921+08:00,TEST958,Bond
959,96.8,2022-11-04T10:14:03.045657921+08:00,TEST959,Stock
960,96.9,2022-11-04T10:14:03.045657921+08:00,TEST960,Bond
961,97,2022-11-04T10:14:03.045657921+08:00,TEST961,Stock
962,97.1,2022-11-04T10:14:03.045657921+08:00,TEST962,Bond
963,97.2,2022-11-04T10:14:03.045657921+08:00,TEST963,Stock
964,97.3,2022-11-04T10:14:03.045657921+08:00,TEST964,Bond
965,97.4,2022-11-04T10:14:03.045657921+08:00,TEST965,Stock
966,97.5,2022-11-04T10:14:03.045657921+08:00,TEST966,Bond
967,97.6,2022-11-04T10:14:03.045657921+08:00,TEST967,Stock
968,97.7,2022-11-04T10:14:03.045657921+08:00,TEST968,Bond
969,97.8,2022-11-04T10:14:03.045657921+08:00,TEST969,Stock
970,97.9,2022-11-04T10:14:03.045657921+08:00,TEST970,Bond
971,98,2022-11-04T10:14:03.045657921+08:00,TEST971,Stock
972,98.1,2022-11-04T10:14:03.045657921+08:00,TEST972,Bond
973,98.2,2022-11-04T10:14:03.045657921+08:00,TEST973,Stock
974,98.3,2022-11-04T10:14:03.045657921+08:00,TEST974,Bond
975,98.4,2022-11-04T10:14:03.045657921+08:00,TEST975,Stock
976,98.5,2022-11-04T10:14:03.045657921+08:00,TEST976,Bond
977,98.6,2022-11-04T10:14:03.045657921+08:00,TEST977,Stock
978,98.7,2022-11-04T10:14:03.045657921+08:00,TEST978,Bond
979,98.8,2022-11-04T10:14:03.045657921+08:00,TEST979,Stock
980,98.9,2022-11-04T10:14:03.045657921+08:00,TEST980,Bond
981,99,2022-11-04T10:14:03.045657921+08:00,TEST981,Stock
982,99.1,2022-11-04T10:14:03.045657921+08:00,TEST982,Bond
983,99.2,2022-11-04T10:14:03.045657921+08:00,TEST983,Stock
984,99.3,2022-11-04T10:14:03.045657921+08:00,TEST984,Bond
985,99.4,2022-11-04T10:14:03.045657921+08:00,TEST985,Stock
986,99.5,2022-11-04T10:14:03.045657921+08:00,TEST986,Bond
987,99.6,2022-11-04T10:14:03.045657921+08:00,TEST987,Stock
988,99.7,2022-11-04T10:14:03.045657921+08:00,TEST988,Bond
989,99.8,2022-11-04T10:14:03.045657921+08:00,TEST989,Stock
990,99.9,2022-11-04T10:14:03.045657921+08:00,TEST990,Bond
991,100,2022-11-04T10:14:03.045657921+08:00,TEST991,Stock
992,100.1,2022-11-04T10:14:03.045657921+08:00,TEST992,Bond
993,100.2,2022-11-04T10:14:03.045657921+08:00,TEST993,Stock
994,100.3,2022-11-04T10:14:03.045657921+08:00,TEST994,Bond
995,100.4,2022-11-04T10:14:03.045657921+08:00,TEST995,Stock
996,100.5,2022-11-04T10:14:03.045657921+08:00,TEST996,Bond
997,100.6,2022-11-04T10:14:03.045657921+08:00,TEST997,Stock
998,100.7,2022-11-04T10:14:03.045657921+08:00,TEST998,Bond
999,100.8,2022-11-04T10:14:03.045657921+08:00,TEST999,Stock
1000,100.9,2022-11-04T10:14:03.045657921+08:00,TEST1000,Bond